"Record ID","Path","Length","English (United States) -  Region && Geographical location","Spanish (Spain) - Western Europe","Danish","Korean","Russian","Portuguese (Brazil)","Vietnamese","Thai","Chinese (Traditional, Taiwan)","Czech","Italian","Hebrew","Arabic","French (France)","Dutch (Belgium)","Serbian (Serbia)","Norwegian","German","Greek","Swedish","Polish","Indonesian","Finnish","Spanish (Mexico)","Romanian","Chinese (Simplified)","Turkish","Japanese","Malay (Brunei Darussalam)","Hindi"
"national_team_name_152","8k/Strings/Ingame/International Cup",,"Trouvaille","BrunÃ©i","BRUNEI","ë¸Œë£¨ë‚˜ì´",,"Brunei","Brunei","à¸šà¸£à¸¹à¹„à¸™","æ±¶èŠ","Brunej","Brunei","×‘×¨×•× ×™×™","Ø¨Ø±ÙˆÙ†Ø§ÙŠ","Brunei","Brunei","Brunej","Brunei","Brunei","ÎœÏ€ÏÎ¿Ï…Î½Î­Î¹","Brunei","Brunei","Brunei","Brunei","BrunÃ©i","Brunei","æ–‡èŽ±","Brunei","ãƒ–ãƒ«ãƒã‚¤","Brunei","à¤¬à¥à¤°à¥à¤¨à¥‡à¤ˆ"
"national_team_name_153","8k/Strings/Ingame/International Cup",,"LUXEMBOURG","Luxemburgo","LUXEMBOURG","ë£©ì…ˆë¶€ë¥´í¬",,"Luxemburgo","Luxembourg","à¸¥à¸±à¸à¹€à¸‹à¸¡à¹€à¸šà¸´à¸£à¹Œà¸","ç›§æ£®å ¡","Lucembursko","Lussemburgo","×œ×•×§×¡×ž×‘×•×¨×’","Ù„ÙˆÙƒØ³Ù…Ø¨ÙˆØ±Ø¬","Luxembourg","Luxemburg","Luksemburg","Luxembourg","Luxemburg","Î›Î¿Ï…Î¾ÎµÎ¼Î²Î¿ÏÏÎ³Î¿","Luxemburg","Luksemburg","Luksemburg","Luxemburg","Luxemburgo","Luxemburg","å¢æ£®å ¡","LÃ¼ksemburg","ãƒ«ã‚¯ã‚»ãƒ³ãƒ–ãƒ«ã‚¯","Luxembourg","à¤²à¤•à¥à¤œà¤¼à¤®à¥à¤¬à¤°à¥à¤—"
"national_team_name_154","8k/Strings/Ingame/International Cup",,"AFGHANISTAN","AfganistÃ¡n","AFGHANISTAN","ì•„í”„ê°€ë‹ˆìŠ¤íƒ„",,"AfeganistÃ£o","Afghanistan","à¸­à¸±à¸Ÿà¸à¸²à¸™à¸´à¸ªà¸–à¸²à¸™","é˜¿å¯Œæ±—","AfghÃ¡nistÃ¡n","Afghanistan","××¤×’× ×™×¡×˜×Ÿ","Ø£ÙØºØ§Ù†Ø³ØªØ§Ù†","Afghanistan","Afghanistan","Avganistan","Afghanistan","Afghanistan","Î‘Ï†Î³Î±Î½Î¹ÏƒÏ„Î¬Î½","Afghanistan","Afganistan","Afganistan","Afganistan","AfganistÃ¡n","Afganistan","é˜¿å¯Œæ±—","Afganistan","ã‚¢ãƒ•ã‚¬ãƒ‹ã‚¹ã‚¿ãƒ³","Afghanistan","à¤…à¤«à¤¼à¤—à¤¾à¤¨à¤¿à¤¸à¥à¤¤à¤¾à¤¨"
"national_team_name_155","8k/Strings/Ingame/International Cup",,"AMERICAN SAMOA","Samoa Americana","AMERICAN SAMOA","ë¯¸êµ­ë ¹ ì‚¬ëª¨ì•„",,"Samoa Americana","American Samoa","à¸­à¹€à¸¡à¸£à¸´à¸à¸±à¸™à¸‹à¸²à¸¡à¸±à¸§","ç¾Žå±¬è–©æ‘©äºž","AmerickÃ¡ Samoa","Samoa Americane","×¡×ž×•××” ×”××ž×¨×™×§× ×™×ª","Ø³Ø§Ù…ÙˆØ§ Ø§Ù„Ø£Ù…ÙŠØ±ÙƒÙŠØ©","Samoa amÃ©ricaines","Amerikaans Samoa","AmeriÄka Samoa","Amerikansk Samoa","Amerikanisch-Samoa","Î‘Î¼ÎµÏÎ¹ÎºÎ±Î½Î¹ÎºÎ® Î£Î±Î¼ÏŒÎ±","Amerikanska Samoa","Samoa AmerykaÅ„skie","Samoa Amerika","Amerikan Samoa","Samoa Americana","Samoa AmericanÄƒ","ç¾Žå±žè¨æ‘©äºš","Amerikan SamoasÄ±","ç±³é ˜ã‚µãƒ¢ã‚¢","Samoa Amerika","à¤…à¤®à¥‡à¤°à¤¿à¤•à¤¨ à¤¸à¤®à¥‹à¤†"
"national_team_name_156","8k/Strings/Ingame/International Cup",,"ANDORRA","Andorra","ANDORRA","ì•ˆë„ë¼",,"Andorra","Andorra","à¸­à¸±à¸™à¸”à¸­à¸£à¹Œà¸£à¸²","å®‰é“çˆ¾","Andora","Andorra","×× ×“×•×¨×”","Ø£Ù†Ø¯ÙˆØ±Ø§","Andorre","Andorra","Andora","Andorra","Andorra","Î‘Î½Î´ÏŒÏÏÎ±","Andorra","Andora","Andorra","Andorra","Andorra","Andorra","å®‰é“å°”","Andorra","ã‚¢ãƒ³ãƒ‰ãƒ©","Andorra","à¤…à¤‚à¤¡à¥‹à¤°à¤¾"
"national_team_name_157","8k/Strings/Ingame/International Cup",,"ANGUILLA","Anguila","ANGUILLA","ì•µê·ˆë¼",,"Anguila","Anguilla","à¹à¸­à¸‡à¸à¸§à¸´à¸¥à¸¥à¸²","å®‰åœ­æ‹‰","Anguilla","Anguilla","×× ×’×•×•×™×œ×”","Ø£Ù†ØºÙŠÙ„Ø§","Anguilla","Anguilla","Angvila","Anguilla","Anguilla","Î‘Î½Î³ÎºÎ¿Ï…Î¯Î»Î±","Anguilla","Anguilla","Anguila","Anguilla","Anguila","Anguilla","å®‰åœ­æ‹‰","Anguilla","ã‚¢ãƒ³ã‚®ãƒ©","Anguilla","à¤à¤‚à¤—à¥à¤‡à¤²à¤¾"
"national_team_name_158","8k/Strings/Ingame/International Cup",,"ANTIGUA & BARBUDA","Antigua y Barbuda","ANTIGUA & BARBUDA","ì•¤í‹°ê°€ ë°”ë¶€ë‹¤",,"AntÃ­gua e Barbuda","Antigua & Barbuda","à¹à¸­à¸™à¸•à¸´à¸à¸²à¹à¸¥à¸°à¸šà¸²à¸£à¹Œà¸šà¸¹à¸”à¸²","å®‰æç“œå’Œå·´å¸ƒé”","Antigua a Barbuda","Antigua e Barbuda","×× ×˜×™×’×•××” ×•×‘×¨×‘×•×“×”","Ø£Ù†ØªÙŠØºÙˆØ§ ÙˆØ¨Ø§Ø±Ø¨ÙˆØ¯Ø§","Antigua-et-Barbuda","Antigua en Barbuda","Antigva i Barbuda","Antigua og Barbuda","Antigua & Barbuda","Î‘Î½Ï„Î¯Î³ÎºÎ¿Ï…Î± ÎºÎ±Î¹ ÎœÏ€Î±ÏÎ¼Ï€Î¿ÏÎ½Ï„Î±","Antigua och Barbuda","Antigua i Barbuda","Antigua dan Barbuda","Antigua ja Barbuda","Antigua y Barbuda","Antigua È™i Barbuda","å®‰æç“œå’Œå·´å¸ƒè¾¾","Antigua ve Barbuda","ã‚¢ãƒ³ãƒ†ã‚£ã‚°ã‚¢ ãƒãƒ¼ãƒ–ãƒ¼ãƒ€","Antigua & Barbuda","à¤à¤‚à¤Ÿà¥€à¤—à¥à¤† à¤à¤‚à¤¡ à¤¬à¤¾à¤°à¤¬à¥à¤¡à¤¾"
"national_team_name_159","8k/Strings/Ingame/International Cup",,"ARUBA","Aruba","ARUBA","ì•„ë£¨ë°”",,"Aruba","Aruba","à¸­à¸²à¸£à¸¹à¸šà¸²","é˜¿é­¯å·´","Aruba","Aruba","××¨×•×‘×”","Ø£Ø±ÙˆØ¨Ø§","Aruba","Aruba","Aruba","Aruba","Aruba","Î‘ÏÎ¿ÏÎ¼Ï€Î±","Aruba","Aruba","Aruba","Aruba","Aruba","Aruba","é˜¿é²å·´","Aruba","ã‚¢ãƒ«ãƒ","Aruba","à¤…à¤°à¥‚à¤¬à¤¾"
"national_team_name_16","8k/Strings/Ingame/International Cup",,"AUSTRIA","Austria","ØSTRIG","ì˜¤ìŠ¤íŠ¸ë¦¬ì•„",,"Ãustria","Ão","à¸­à¸­à¸ªà¹€à¸•à¸£à¸µà¸¢","å¥§åœ°åˆ©","Rakousko","Austria","××•×¡×˜×¨×™×”","Ø§Ù„Ù†Ù…Ø³Ø§","Autriche","Oostenrijk","Austrija","Ã˜sterrike","Ã–sterreich","Î‘Ï…ÏƒÏ„ÏÎ¯Î±","Ã–sterrike","Austria","Austria","ItÃ¤valta","Austria","Austria","å¥¥åœ°åˆ©","Avusturya","ã‚ªãƒ¼ã‚¹ãƒˆãƒªã‚¢","Austria","à¤‘à¤¸à¥à¤Ÿà¥à¤°à¤¿à¤¯à¤¾"
"national_team_name_160","8k/Strings/Ingame/International Cup",,"BAHAMAS","Bahamas","BAHAMAS","ë°”í•˜ë§ˆ",,"Bahamas","Bahamas","à¸šà¸²à¸®à¸²à¸¡à¸²à¸ª","å·´å“ˆé¦¬","Bahamy","Bahamas","××™×™ ×‘×”××ž×”","Ø¨Ø§Ù‡Ø§Ù…Ø§Ø³","Bahamas","Bahama's","Bahami","Bahamas","Bahamas","ÎœÏ€Î±Ï‡Î¬Î¼ÎµÏ‚","Bahamas","Bahamy","Kep. Bahama","Bahama","Bahamas","Bahamas","å·´å“ˆé©¬","Bahamalar","ãƒãƒãƒž","Bahamas","à¤¬à¤¹à¤¾à¤®à¤¾à¤¸"
"national_team_name_161","8k/Strings/Ingame/International Cup",,"BANGLADESH","BangladÃ©s","BANGLADESH","ë°©ê¸€ë¼ë°ì‹œ",,"Bangladesh","Bangladesh","à¸šà¸±à¸‡à¸à¸¥à¸²à¹€à¸—à¸¨","å­ŸåŠ æ‹‰","BangladÃ©Å¡","Bangladesh","×‘× ×’×œ×“×©","Ø¨Ù†ØºÙ„Ø§Ø¯Ø´","Bangladesh","Bangladesh","BangladeÅ¡","Bangladesh","Bangladesch","ÎœÏ€Î±Î½Î³ÎºÎ»Î±Î½Ï„Î­Ï‚","Bangladesh","Bangladesz","Bangladesh","Bangladesh","Bangladesh","Bangladesh","å­ŸåŠ æ‹‰å›½","BangladeÅŸ","ãƒãƒ³ã‚°ãƒ©ãƒ‡ã‚·ãƒ¥","Bangladesh","à¤¬à¤¾à¤‚à¤—à¥à¤²à¤¾à¤¦à¥‡à¤¶"
"national_team_name_162","8k/Strings/Ingame/International Cup",,"BARBADOS","Barbados","BARBADOS","ë°”ë² ì´ë„ìŠ¤",,"Barbados","Barbados","à¸šà¸²à¸£à¹Œà¹€à¸šà¹‚à¸”à¸ª","å·´å·´å¤šæ–¯","Barbados","Barbados","×‘×¨×‘×“×•×¡","Ø¨Ø§Ø±Ø¨Ø§Ø¯ÙˆØ³","La Barbade","Barbados","Barbados","Barbados","Barbados","ÎœÏ€Î±ÏÎ¼Ï€Î¬Î½Ï„Î¿Ï‚","Barbados","Barbados","Kep. Barbados","Barbados","Barbados","Barbados","å·´å·´å¤šæ–¯","Barbados","ãƒãƒ«ãƒãƒ‰ã‚¹","Barbados","à¤¬à¤¾à¤°à¤¬à¤¾à¤¡à¥‹à¤¸"
"national_team_name_163","8k/Strings/Ingame/International Cup",,"BELIZE","Belice","BELIZE","ë²¨ë¦¬ì¦ˆ",,"Belize","Belize","à¹€à¸šà¸¥à¸µà¸‹","ä¼¯åˆ©èŒ²","Belize","Belize","×‘×œ×™×–","Ø¨Ù„ÙŠØ²","Belize","Belize","Belize","Belize","Belize","ÎœÏ€ÎµÎ»Î¯Î¶","Belize","Belize","Belize","Belize","Belice","Belize","ä¼¯åˆ©å…¹","Belize","ãƒ™ãƒªãƒ¼ã‚º","Belize","à¤¬à¥‡à¤²à¥€à¤œà¤¼"
"national_team_name_164","8k/Strings/Ingame/International Cup",,"BERMUDA","Bermudas","BERMUDA","ë²„ë®¤ë‹¤",,"Bermuda","Bermuda","à¹€à¸šà¸­à¸£à¹Œà¸¡à¸´à¸§à¸”à¸²","ç™¾æ…•é”","Bermudy","Bermuda","×‘×¨×ž×•×“×”","Ø¨Ø±Ù…ÙˆØ¯Ø§","Bermudes","Bermuda","Bermudi","Bermuda","Bermuda","Î’ÎµÏÎ¼Î¿ÏÎ´Î±","Bermuda","Bermudy","Bermuda","Bermuda","Bermudas","Bermuda","ç™¾æ…•å¤§","Bermuda","ãƒãƒŸãƒ¥ãƒ¼ãƒ€","Bermuda","à¤¬à¤°à¤®à¥‚à¤¡à¤¾"
"national_team_name_165","8k/Strings/Ingame/International Cup",,"BHUTAN","ButÃ¡n","BHUTAN","ë¶€íƒ„",,"ButÃ£o","Bhutan","à¸ à¸¹à¸à¸²à¸™","ä¸ä¸¹","BhÃºtÃ¡n","Bhutan","×‘×”×•×˜×Ÿ","Ø¨ÙˆØªØ§Ù†","Bhoutan","Bhutan","Butan","Bhutan","Bhutan","ÎœÏ€Î¿Ï…Ï„Î¬Î½","Bhutan","Bhutan","Bhutan","Bhutan","ButÃ¡n","Bhutan","ä¸ä¸¹","Bhutan","ãƒ–ãƒ¼ã‚¿ãƒ³","Bhutan","à¤­à¥‚à¤Ÿà¤¾à¤¨"
"national_team_name_166","8k/Strings/Ingame/International Cup",,"BURKINA FASO","Burkina Faso","BURKINA FASO","ë¶€ë¥´í‚¤ë‚˜íŒŒì†Œ",,"Burkina Faso","Burkina Faso","à¸šà¸¹à¸£à¹Œà¸à¸´à¸™à¸²à¸Ÿà¸²à¹‚à¸‹","å¸ƒåŸºç´æ³•ç´¢","Burkina Faso","Burkina Faso","×‘×•×¨×§×™× ×” ×¤××¡×•","Ø¨ÙˆØ±ÙƒÙŠÙ†Ø§ ÙØ§Ø³Ùˆ","Burkina Faso","Burkina Faso","Burkina Faso","Burkina Faso","Burkina Faso","ÎœÏ€Î¿Ï…ÏÎºÎ¯Î½Î± Î¦Î¬ÏƒÎ¿","Burkina Faso","Burkina Faso","Burkina Faso","Burkina Faso","Burkina Faso","Burkina Faso","å¸ƒåŸºçº³æ³•ç´¢","Burkina Faso","ãƒ–ãƒ«ã‚­ãƒŠãƒ•ã‚¡ã‚½","Burkina Faso","à¤¬à¥à¤°à¥à¤•à¤¿à¤¨à¤¾ à¤«à¤¾à¤¸à¥‹"
"national_team_name_167","8k/Strings/Ingame/International Cup",,"CAMBODIA","Camboya","CAMBODIA","ìº„ë³´ë””ì•„",,"Camboja","Campuchia","à¸à¸±à¸¡à¸žà¸¹à¸Šà¸²","æŸ¬åŸ”å¯¨","KambodÅ¾a","Cambogia","×§×ž×‘×•×“×™×”","ÙƒØ§Ù…Ø¨ÙˆØ¯ÙŠØ§","Cambodge","Cambodja","KambodÅ¾a","Kambodsja","Kambodscha","ÎšÎ±Î¼Ï€ÏŒÏ„Î¶Î·","Kambodja","KambodÅ¼a","Kamboja","KambodÅ¾a","Camboya","Cambodgia","æŸ¬åŸ”å¯¨","KamboÃ§ya","ã‚«ãƒ³ãƒœã‚¸ã‚¢","Kemboja","à¤•à¤®à¥à¤¬à¥‹à¤¡à¤¿à¤¯à¤¾"
"national_team_name_168","8k/Strings/Ingame/International Cup",,"CAPE VERDE","Cabo Verde","CAPE VERDE","ì¹´ë³´ë² ë¥´ë°",,"Cabo Verde","Cape Verde","à¹€à¸„à¸›à¹€à¸§à¸´à¸£à¹Œà¸”","ç¶­å¾·è§’","Kapverdy","Capo Verde","×›×£ ×•×¨×“×”","Ø§Ù„Ø±Ø£Ø³ Ø§Ù„Ø£Ø®Ø¶Ø±","Le Cap-Vert","KaapverdiÃ«","Zelenortska Ostrva","Kapp Verde","Kap Verde","Î ÏÎ¬ÏƒÎ¹Î½Î¿ Î‘ÎºÏÏ‰Ï„Î®ÏÎ¹Î¿","Kap Verde","Wyspy Zielonego PrzylÄ…dka","Tanjung Verde","Kap Verde","Cabo Verde","Republica Capului Verde","ä½›å¾—è§’","Cape Verde","ã‚«ãƒ¼ãƒœãƒ™ãƒ«ãƒ‡","Cape Verde","à¤•à¥‡à¤ª à¤µà¤°à¥à¤¡à¥‡"
"national_team_name_169","8k/Strings/Ingame/International Cup",,"CAYMAN ISLANDS","Islas CaimÃ¡n","CAYMAN ISLANDS","ì¼€ì´ë§¨ ì œë„",,"Ilhas CaimÃ£o","Quáº§n Ä‘áº£o Cayman","à¸«à¸¡à¸¹à¹ˆà¹€à¸à¸²à¸°à¹€à¸„à¸¢à¹Œà¹à¸¡à¸™","é–‹æ›¼ç¾¤å³¶","KajmanskÃ© ostrovy","Isole Cayman","××™×™ ×§×™×™×ž×Ÿ","Ø¬Ø²Ø± ÙƒØ§ÙŠÙ…Ù†","ÃŽles CaÃ¯mans","Kaaimaneilanden","Kajmanska Ostrva","CaymanÃ¸yene","Cayman-Inseln","ÎÎ®ÏƒÎ¿Î¹ ÎšÎ­Î¹Î¼Î±Î½","CaymanÃ¶arna","Kajmany","Kep. Cayman","Caymansaaret","Islas CaimÃ¡n","Insulele Cayman","å¼€æ›¼ç¾¤å²›","Cayman AdalarÄ±","ã‚±ã‚¤ãƒžãƒ³è«¸å³¶","Kepulauan Cayman","à¤•à¥‡à¤®à¥ˆà¤¨ à¤†à¤‡à¤²à¥ˆà¤‚à¤¡à¥à¤¸"
"national_team_name_17","8k/Strings/Ingame/International Cup",,"AZERBAIJAN","AzerbaiyÃ¡n","AZERBAIJAN","ì•„ì œë¥´ë°”ì´ìž”",,"AzerbaijÃ£o","Azerbaijan","à¸­à¸²à¹€à¸‹à¸­à¸£à¹Œà¹„à¸šà¸ˆà¸²à¸™","é˜¿å¡žæ‹œç–†å…±å’Œåœ‹","ÃzerbÃ¡jdÅ¾Ã¡n","Azerbaigian","××–×¨×‘×™×™×’'×Ÿ","Ø£Ø°Ø±Ø¨ÙŠØ¬Ø§Ù†","AzerbaÃ¯djan","Azerbeidzjan","AzerbejdÅ¾an","Aserbajdsjan","Aserbaidschan","Î‘Î¶ÎµÏÎ¼Ï€Î±ÏŠÏ„Î¶Î¬Î½","Azerbajdzjan","AzerbejdÅ¼an","Azerbaijan","AzerbaidÅ¾an","AzerbaiyÃ¡n","Azerbaidjan","é˜¿å¡žæ‹œç–†","Azerbaycan","ã‚¢ã‚¼ãƒ«ãƒã‚¤ã‚¸ãƒ£ãƒ³","Azerbaijan","à¤…à¤œà¤¼à¤°à¤¬à¥ˆà¤œà¤¾à¤¨"
"national_team_name_170","8k/Strings/Ingame/International Cup",,"CENTRAL AFRICAN REPUBLIC","RepÃºblica Centroafricana","DEN CENTRALAFRIKANSKE REPUBLIK","ì¤‘ì•™ì•„í”„ë¦¬ì¹´ê³µí™”êµ­",,"RepÃºblica Centro-Africana","Cá»™ng hÃ²a Trung Phi","à¸ªà¸²à¸˜à¸²à¸£à¸“à¸£à¸±à¸à¹à¸­à¸Ÿà¸£à¸´à¸à¸²à¸à¸¥à¸²à¸‡","ä¸­éžå…±å’Œåœ‹","StÅ™edoafrickÃ¡ republika","Repubblica Centrafricana","×”×¨×¤×•×‘×œ×™×§×” ×”×ž×¨×›×–-××¤×¨×™×§××™×ª","Ø¬Ù…Ù‡ÙˆØ±ÙŠØ© Ø£ÙØ±ÙŠÙ‚ÙŠØ§ Ø§Ù„ÙˆØ³Ø·Ù‰","RÃ©publique centrafricaine","Centraal-Afrikaanse Republiek","CentralnoafriÄ. Republika","Den sentralafrikanske republikk","Zentralafrikanische Republik","ÎšÎµÎ½Ï„ÏÎ¿Î±Ï†ÏÎ¹ÎºÎ±Î½Î¹ÎºÎ® Î”Î·Î¼Î¿ÎºÏÎ±Ï„Î¯Î±","Centralafrikanska republiken","Rep. ÅšrodkowoafrykaÅ„ska","Afrika Tengah, Republik","Keski-Afrikan tasavalta","RepÃºblica Centroafricana","Republica CentrafricanÄƒ","ä¸­éžå…±å’Œå›½","Orta Afrika Cumhuriyeti","ä¸­å¤®ã‚¢ãƒ•ãƒªã‚«å…±å’Œå›½","Republik Afrika Tengah","à¤®à¤§à¥à¤¯ à¤…à¤«à¥à¤°à¥€à¤•à¥€ à¤—à¤£à¤°à¤¾à¤œà¥à¤¯"
"national_team_name_170_alt","8k",,"CENT. AFR. REP.","Rep. Centroafr.","CENT. AFR. REP.","ì¤‘ì•„ê³µ",,"R. Centro-Afr.","CH Trung Phi","à¹à¸­à¸Ÿà¸£à¸´à¸à¸²à¸à¸¥à¸²à¸‡","ä¸­éžå…±å’Œåœ‹","StÅ™edoafr. rep.","Rep. Centrafr.","×”×¨×¤' ×”×ž×¨'-××¤×¨×™×§××™×ª","Ø£ÙØ±ÙŠÙ‚ÙŠØ§ Ø§Ù„ÙˆØ³Ø·Ù‰","Centrafrique","Cent.-Afr. Rep.","Centralnoaf. R.","Sent.-afr. rep.","Zentralafr. R.","ÎšÎµÎ½Ï„ÏÎ¿Î±Ï†Ï. Î”Î·Î¼.","Centralaf. rep.","R. Åšrodkowoafr.","Rep. Afr. Tgh.","Keski-Afrikan t","Rep. Centroafr.","R CentrafricanÄƒ","ä¸­éžå…±å’Œå›½","Orta Afr. Cum.","ä¸­å¤®ã‚¢ãƒ•ãƒªã‚«","Rep. Afr. Tgh.","Cent. Afr. Rep."
"national_team_name_171","8k/Strings/Ingame/International Cup",,"COOK ISLANDS","Islas Cook","COOK ISLANDS","ì¿¡ì œë„",,"Ilhas Cook","Äáº£o Cook","à¸«à¸¡à¸¹à¹ˆà¹€à¸à¸²à¸°à¸„à¸¸à¸","åº«å…‹ç¾¤å³¶","Cookovy ostrovy","Isole Cook","××™×™ ×§×•×§","Ø¬Ø²Ø± Ø§Ù„ÙƒÙˆÙƒ","ÃŽles Cook","Cookeilanden","Kukova Ostrva","Cook-Ã¸yene","Cookinseln","ÎÎ®ÏƒÎ¿Î¹ ÎšÎ¿Ï…Îº","CookÃ¶arna","Wyspy Cooka","Kep. Cook","Cookinsaaret","Islas Cook","Insulele Cook","åº“å…‹ç¾¤å²›","Cook AdalarÄ±","ã‚¯ãƒƒã‚¯è«¸å³¶","Kepulauan Cook","à¤•à¥à¤• à¤†à¤‡à¤²à¥ˆà¤‚à¤¡à¥à¤¸"
"national_team_name_172","8k/Strings/Ingame/International Cup",,"CUBA","Cuba","CUBA","ì¿ ë°”",,"Cuba","Cuba","à¸„à¸´à¸§à¸šà¸²","å¤å·´","Kuba","Cuba","×§×•×‘×”","ÙƒÙˆØ¨Ø§","Cuba","Cuba","Kuba","Cuba","Kuba","ÎšÎ¿ÏÎ²Î±","Kuba","Kuba","Kuba","Kuuba","Cuba","Cuba","å¤å·´","KÃ¼ba","ã‚­ãƒ¥ãƒ¼ãƒ","Cuba","à¤•à¥à¤¯à¥‚à¤¬à¤¾"
"national_team_name_173","8k/Strings/Ingame/International Cup",,"DOMINICA","Dominica","DOMINICA","ë„ë¯¸ë‹ˆì¹´ì—°ë°©",,"Dominica","Dominica","à¹‚à¸”à¸¡à¸´à¸™à¸´à¸à¸²","å¤šç±³å°¼å…‹åœ‹","Dominika","Dominica","×“×•×ž×™× ×™×§×”","Ø¯ÙˆÙ…ÙŠÙ†ÙŠÙƒØ§","Dominique","Dominica","Dominika","Dominica","Dominica","ÎÏ„Î¿Î¼Î¯Î½Î¹ÎºÎ±","Dominica","Dominika","Dominika","Dominica","Dominica","Dominica","å¤šç±³å°¼åŠ ","Dominika","ãƒ‰ãƒŸãƒ‹ã‚«","Dominica","à¤¡à¥‹à¤®à¤¿à¤¨à¤¿à¤•à¤¾"
"national_team_name_174","8k/Strings/Ingame/International Cup",,"EAST TIMOR","Timor Oriental","EAST TIMOR","ë™í‹°ëª¨ë¥´",,"Timor Leste","ÄÃ´ng Timor","à¸•à¸´à¸¡à¸­à¸£à¹Œà¸•à¸°à¸§à¸±à¸™à¸­à¸­à¸","æ±å¸æ±¶","VÃ½chodnÃ­ Timor","Timor Est","×ž×–×¨×— ×˜×™×ž×•×¨","ØªÙŠÙƒÙˆØ± Ø§Ù„Ø´Ø±Ù‚ÙŠØ©","Timor oriental","Oost-Timor","IstoÄni Timor","Ã˜st-Timor","Osttimor","Î‘Î½Î±Ï„Î¿Î»Î¹ÎºÏŒ Î¤Î¹Î¼ÏŒÏ","Ã–sttimor","Timor Wschodni","Timor Leste","ItÃ¤-Timor","Timor Oriental","Timorul de Est","ä¸œå¸æ±¶","DoÄŸu Timor","æ±ãƒ†ã‚£ãƒ¢ãƒ¼ãƒ«","Timor Timur","à¤ªà¥‚à¤°à¥à¤µà¥€ à¤¤à¤¿à¤®à¥‹à¤°"
"national_team_name_175","8k/Strings/Ingame/International Cup",,"EL SALVADOR","El Salvador","EL SALVADOR","ì—˜ì‚´ë°”ë„ë¥´",,"El Salvador","El Salvador","à¹€à¸­à¸¥à¸‹à¸±à¸¥à¸§à¸²à¸”à¸­à¸£à¹Œ","è–©çˆ¾ç“¦å¤š","Salvador","El Salvador","××œ ×¡×œ×‘×“×•×¨","Ø§Ù„Ø³Ù„ÙØ§Ø¯ÙˆØ±","Salvador","El Salvador","El Salvador","El Salvador","El Salvador","Î•Î» Î£Î±Î»Î²Î±Î´ÏŒÏ","El Salvador","Salwador","El Salvador","El Salvador","El Salvador","El Salvador","è¨å°”ç“¦å¤š","El Salvador","ã‚¨ãƒ«ã‚µãƒ«ãƒãƒ‰ãƒ«","El Salvador","à¤…à¤² à¤¸à¤²à¥à¤µà¤¾à¤¡à¥‹à¤°"
"national_team_name_176","8k/Strings/Ingame/International Cup",,"ERITREA","Eritrea","ERITREA","ì—ë¦¬íŠ¸ë ˆì•„",,"Eritreia","Eritrea","à¹€à¸­à¸£à¸´à¹€à¸—à¸£à¸µà¸¢","åŽ„ç«‹ç‰¹é‡Œäºž","Eritrea","Eritrea","××¨×™×ª×¨×™××”","Ø¥Ø±ÙŠØªØ±ÙŠØ§","Ã‰tat dâ€™Ã‰rythrÃ©e","Eritrea","Eritreja","Eritrea","Eritrea","Î•ÏÏ…Î¸ÏÎ±Î¯Î±","Eritrea","Erytrea","Eritrea","Eritrea","Eritrea","Eritreea","åŽ„ç«‹ç‰¹é‡Œäºš","Eritre","ã‚¨ãƒªãƒˆãƒªã‚¢","Eritrea","à¤‡à¤°à¤¿à¤Ÿà¥à¤°à¤¿à¤¯à¤¾"
"national_team_name_177","8k/Strings/Ingame/International Cup",,"FIJI","Fiyi","FIJI","í”¼ì§€",,"Fiji","Fiji","à¸Ÿà¸´à¸ˆà¸´","æ–æ¿Ÿ","FidÅ¾i","Figi","××™×™ ×¤×™×’'×™","ÙÙŠØ¬ÙŠ","Fidji","Fiji","FidÅ¾i","Fiji","Fidschi","Î¦Î¯Ï„Î¶Î¹","Fiji","FidÅ¼i","Fiji","FidÅ¾i","Fiyi","Fiji","æ–æµŽ","Fiji","ãƒ•ã‚£ã‚¸ãƒ¼","Fiji","à¤«à¤¼à¤¿à¤œà¥€"
"national_team_name_178","8k/Strings/Ingame/International Cup",,"GRENADA","Granada","GRENADA","ê·¸ë ˆë‚˜ë‹¤",,"Granada","Grenada","à¹€à¸à¸£à¹€à¸™à¸”à¸²","æ ¼æž—ç´é”","Grenada","Grenada","×’×¨× ×“×”","ØºØ±Ù†Ø§Ø·Ø©","Grenade","Grenada","Grenada","Grenada","Grenada","Î“ÏÎµÎ½Î¬Î´Î±","Grenada","Grenada","Grenada","Grenada","Granada","Grenada","æ ¼æž—çº³è¾¾","Grenada","ã‚°ãƒ¬ãƒŠãƒ€","Grenada","à¤—à¥à¤°à¥‡à¤¨à¤¾à¤¡à¤¾"
"national_team_name_179","8k/Strings/Ingame/International Cup",,"GUAM","Guam","GUAM","ê´Œ",,"GuÃ£o","Guam","à¸à¸§à¸¡","é—œå³¶","Guam","Guam","×’×•××","ØºÙˆØ§Ù…","Guam","Guam","Guam","Guam","Guam","Î“ÎºÎ¿Ï…Î¬Î¼","Guam","Guam","Guam","Guam","Guam","Guam","å…³å²›","Guam","ã‚°ã‚¢ãƒ ","Guam","à¤—à¥à¤†à¤®"
"national_team_name_180","8k/Strings/Ingame/International Cup",,"GUINEA-BISSAU","Guinea-BisÃ¡u","GUINEA-BISSAU","ê¸°ë‹ˆë¹„ì‚¬ìš°",,"GuinÃ©-Bissau","Guinea-Bissau","à¸à¸´à¸™à¸µà¸šà¸´à¸ªà¹€à¸‹à¸²","ç•¿å…§äºžæ¯”ç´¹","Guinea-Bissau","Guinea-Bissau","×’×™× ××” ×‘×™×¡××•","ØºÙŠÙ†ÙŠØ§ Ø¨ÙŠØ³Ø§Ùˆ","GuinÃ©e-Bissau","Guinee-Bissau","Gvineja Bisao","Guinea-Bissau","Guinea-Bissau","Î“Î¿Ï…Î¹Î½Î­Î±-ÎœÏ€Î¹ÏƒÎ¬Î¿","Guinea-Bissau","Gwinea Bissau","Guinea-Bissau","Guinea-Bissau","Guinea-BisÃ¡u","Guineea-Bissau","å‡ å†…äºšæ¯”ç»","Guinea-Bissau","ã‚®ãƒ‹ã‚¢ãƒ“ã‚µã‚¦","Guinea-Bissau","à¤—à¤¿à¤¨à¥€-à¤¬à¤¿à¤¸à¤¾à¤Š"
"national_team_name_181","8k/Strings/Ingame/International Cup",,"GUYANA","Guyana","GUYANA","ê°€ì´ì•„ë‚˜",,"Guiana","Guyana","à¸à¸²à¸¢à¸­à¸²à¸™à¸²","åœ­äºžé‚£","Guyana","Guyana","×’×™×× ×”","ØºÙŠÙ†ÙŠØ§","Guyane","Guyana","Gvajana","Guyana","Guyana","Î“Î¿Ï…Î¹Î¬Î½Î±","Guyana","Gujana","Guyana","Guyana","Guyana","Guyana","åœ­äºšé‚£","Guyana","ã‚¬ã‚¤ã‚¢ãƒŠ","Guyana","à¤—à¥à¤¯à¤¾à¤¨à¤¾"
"national_team_name_182","8k/Strings/Ingame/International Cup",,"HAITI","HaitÃ­","HAITI","ì•„ì´í‹°",,"Haiti","Haiti","à¹€à¸®à¸•à¸´","æµ·åœ°","Haiti","Haiti","×”××™×˜×™","Ù‡Ø§ÙŠØªÙŠ","HaÃ¯ti","HaÃ¯ti","Haiti","Haiti","Haiti","Î‘ÏŠÏ„Î®","Haiti","Haiti","Haiti","Haiti","HaitÃ­","Haiti","æµ·åœ°","Haiti","ãƒã‚¤ãƒ","Haiti","à¤¹à¥ˆà¤¤à¥€"
"national_team_name_183","8k/Strings/Ingame/International Cup",,"HONDURAS","Honduras","HONDURAS","ì˜¨ë‘ë¼ìŠ¤",,"Honduras","Honduras","à¸®à¸­à¸™à¸”à¸¹à¸£à¸±à¸ª","æ´ªéƒ½æ‹‰æ–¯","Honduras","Honduras","×”×•× ×“×•×¨×¡","Ù‡Ù†Ø¯ÙˆØ±Ø§Ø³","Honduras","Honduras","Honduras","Honduras","Honduras","ÎŸÎ½Î´Î¿ÏÏÎ±","Honduras","Honduras","Honduras","Honduras","Honduras","Honduras","æ´ªéƒ½æ‹‰æ–¯","Honduras","ãƒ›ãƒ³ã‚¸ãƒ¥ãƒ©ã‚¹","Honduras","à¤¹à¥‹à¤‚à¤¡à¥à¤°à¤¾à¤¸"
"national_team_name_184","8k/Strings/Ingame/International Cup",,"IRAQ","Irak","IRAQ","ì´ë¼í¬",,"Iraque","Iraq","à¸­à¸´à¸£à¸±à¸","ä¼Šæ‹‰å…‹","IrÃ¡k","Iraq","×¢×™×¨××§","Ø§Ù„Ø¹Ø±Ø§Ù‚","Irak","Irak","Irak","Irak","Irak","Î™ÏÎ¬Îº","Irak","Irak","Irak","Irak","Irak","Irak","ä¼Šæ‹‰å…‹","Irak","ã‚¤ãƒ©ã‚¯","Iraq","à¤‡à¤°à¤¾à¤•"
"national_team_name_185","8k/Strings/Ingame/International Cup",,"JAMAICA","Jamaica","JAMAICA","ìžë©”ì´ì¹´",,"Jamaica","Jamaica","à¸ˆà¸²à¹€à¸¡à¸à¸²","ç‰™è²·åŠ ","Jamajka","Giamaica","×’'×ž×™×™×§×”","Ø¬Ø§Ù…Ø§ÙŠÙƒØ§","JamaÃ¯que","Jamaica","Jamajka","Jamaica","Jamaika","Î¤Î¶Î±Î¼Î¬Î¹ÎºÎ±","Jamaica","Jamajka","Jamaika","Jamaika","Jamaica","Jamaica","ç‰™ä¹°åŠ ","Jamaika","ã‚¸ãƒ£ãƒžã‚¤ã‚«","Jamaica","à¤œà¤®à¥ˆà¤•à¤¾"
"national_team_name_186","8k/Strings/Ingame/International Cup",,"LAOS","Laos","LAOS","ë¼ì˜¤ìŠ¤",,"Laos","LÃ o","à¸¥à¸²à¸§","è€æ’¾","Laos","Laos","×œ××•×¡","Ù„Ø§ÙˆØ³","Laos","Laos","Laos","Laos","Laos","Î›Î¬Î¿Ï‚","Laos","Laos","Laos","Laos","Laos","Laos","è€æŒ","Laos","ãƒ©ã‚ªã‚¹","Laos","à¤²à¤¾à¤“à¤¸"
"national_team_name_187","8k/Strings/Ingame/International Cup",,"LIECHTENSTEIN","Liechtenstein","LIECHTENSTEIN","ë¦¬ížˆí…ìŠˆíƒ€ì¸",,"Liechtenstein","Liechtenstein","à¸¥à¸´à¸à¹€à¸•à¸™à¸ªà¹„à¸•à¸™à¹Œ","åˆ—æ”¯æ•¦å£«ç™»","LichtenÅ¡tejnsko","Liechtenstein","×œ×™×›×˜× ×©×˜×™×™×Ÿ","Ù„ÙŠØ´ØªÙ†Ø´ØªØ§ÙŠÙ†","Liechtenstein","Liechtenstein","LihtenÅ¡tajn","Liechtenstein","Liechtenstein","Î›Î¹Ï‡Ï„ÎµÎ½ÏƒÏ„Î¬Î¹Î½","Liechtenstein","Liechtenstein","Liechtenstein","Liechtenstein","Liechtenstein","Liechtenstein","åˆ—æ”¯æ•¦å£«ç™»","LihtenÅŸtayn","ãƒªãƒ’ãƒ†ãƒ³ã‚·ãƒ¥ã‚¿ã‚¤ãƒ³","Liechtenstein","à¤²à¤¿à¤šà¥‡à¤‚à¤¸à¥à¤Ÿà¥€à¤¨"
"national_team_name_188","8k/Strings/Ingame/International Cup",,"MALAWI","Malaui","MALAWI","ë§ë¼ìœ„",,"Malawi","Malawi","à¸¡à¸²à¸¥à¸²à¸§à¸µ","é¦¬æ‹‰ç¶­äºº","Malawi","Malawi","×ž×œ××•×•×™","Ù…Ù„Ø§ÙˆÙŠ","Malawi","Malawi","Malavi","Malawi","Malawi","ÎœÎ±Î»Î¬Î¿Ï…Î¹","Malawi","Malawi","Malawi","Malawi","Malaui","Malawi","é©¬æ‹‰ç»´","Malavi","ãƒžãƒ©ã‚¦ã‚¤","Malawi","à¤®à¤²à¤¾à¤µà¥€"
"national_team_name_189","8k/Strings/Ingame/International Cup",,"MALDIVES","Maldivas","MALDIVES","ëª°ë””ë¸Œ",,"Maldivas","Maldives","à¸¡à¸±à¸¥à¸”à¸µà¸Ÿà¸ªà¹Œ","é¦¬çˆ¾ä»£å¤«","Maledivy","Maldive","×”××™×™× ×”×ž×œ×“×™×‘×™×™×","Ø¬Ø²Ø± Ø§Ù„Ù…Ø§Ù„Ø¯ÙŠÙ","Maldives","Maldiven","Maldivi","Maldivene","Malediven","ÎœÎ±Î»Î´Î¯Î²ÎµÏ‚","Maldiverna","Malediwy","Maladewa","Malediivit","Maldivas","Maldive","é©¬å°”ä»£å¤«","Maldivler","ãƒ¢ãƒ«ãƒ‡ã‚£ãƒ–","Maldives","à¤®à¤¾à¤²à¤¦à¥€à¤µ"
"national_team_name_19","8k/Strings/Ingame/International Cup",,"BOTSWANA","Botsuana","BOTSWANA","ë³´ì¸ ì™€ë‚˜",,"Botswana","Botswana","à¸šà¸­à¸•à¸ªà¸§à¸²à¸™à¸²","åšèŒ¨ç“¦ç´","Botswana","Botswana","×‘×•×˜×¡×•×× ×”","Ø¨ØªØ³ÙˆØ§Ù†Ø§","Botswana","Botswana","Bocvana","Botswana","Botswana","ÎœÏ€Î¿Ï„ÏƒÎ¿Ï…Î¬Î½Î±","Botswana","Botswana","Botswana","Botswana","Botsuana","Botswana","åšèŒ¨ç“¦çº³","Botsvana","ãƒœãƒ„ãƒ¯ãƒŠ","Botswana","à¤¬à¥‹à¤¤à¥à¤¸à¤µà¤¾à¤¨à¤¾"
"national_team_name_190","8k/Strings/Ingame/International Cup",,"MALI","MalÃ­","MALI","ë§ë¦¬",,"Mali","Mali","à¸¡à¸²à¸¥à¸µ","é¦¬é‡Œ","Mali","Mali","×ž××œ×™","Ù…Ø§Ù„ÙŠ","Mali","Mali","Mali","Mali","Mali","ÎœÎ¬Î»Î¹","Mali","Mali","Mali","Mali","MalÃ­","Mali","é©¬é‡Œ","Mali","ãƒžãƒª","Mali","à¤®à¤¾à¤²à¥€"
"national_team_name_191","8k/Strings/Ingame/International Cup",,"MAURITIUS","Mauricio","MAURITIUS","ëª¨ë¦¬ì…”ìŠ¤",,"MaurÃ­cia","Mauritius","à¸¡à¸­à¸£à¸´à¹€à¸Šà¸µà¸¢à¸ª","æ¯›é‡Œè£˜æ–¯","MauritÃ¡nie","Mauritius","×ž××•×¨×™×¦×™×•×¡","Ù…ÙˆØ±ÙŠØªØ§Ù†ÙŠØ§","ÃŽle Maurice","Mauritius","Mauricijus","Mauritius","Mauritius","ÎœÎ±Ï…ÏÎ¯ÎºÎ¹Î¿Ï‚","Mauretanien","Mauritius","Mauritius","Mauritius","Mauricio","Mauritius","æ¯›é‡Œæ±‚æ–¯","Mauritius","ãƒ¢ãƒ¼ãƒªã‚·ãƒ£ã‚¹","Mauritius","à¤®à¥‰à¤°à¤¿à¤¶à¤¸"
"national_team_name_192","8k/Strings/Ingame/International Cup",,"MONGOLIA","Mongolia","MONGOLIA","ëª½ê³¨",,"MongÃ³lia","Mongolia","à¸¡à¸­à¸‡à¹‚à¸à¹€à¸¥à¸µà¸¢","è’™å¤","Mongolsko","Mongolia","×ž×•× ×’×•×œ×™×”","Ù…Ù†ØºÙˆÙ„ÙŠØ§","Mongolie","MongoliÃ«","Mongolija","Mongolia","Mongolei","ÎœÎ¿Î³Î³Î¿Î»Î¯Î±","Mongoliet","Mongolia","Mongolia","Mongolia","Mongolia","Mongolia","è’™å¤","MoÄŸolistan","ãƒ¢ãƒ³ã‚´ãƒ«","Mongolia","à¤®à¤‚à¤—à¥‹à¤²à¤¿à¤¯à¤¾"
"national_team_name_193","8k/Strings/Ingame/International Cup",,"MONTSERRAT","Montserrat","MONTSERRAT","ëª¬íŠ¸ì„¸ë¼íŠ¸",,"Monserrate","Montserrat","à¸¡à¸­à¸™à¸•à¹Œà¹€à¸‹à¸­à¸£à¹Œà¸£à¸±à¸•","è’™ç‰¹å¡žæ‹‰ç‰¹","Montserrat","Montserrat","×ž×•× ×˜×¡×¨××˜","Ù…ÙˆÙ†ØªØ³Ø±Ø§Øª","Montserrat","Montserrat","Monserat","Montserrat","Montserrat","ÎœÎ¿Î½Ï„ÏƒÎµÏÏÎ¬Ï„","Montserrat","Montserrat","Montserrat","Montserrat","Montserrat","Montserrat","è’™å¡žæ‹‰ç‰¹","Montserrat","ãƒ¢ãƒ³ã‚»ãƒ©ãƒˆ","Montserrat","à¤®à¥‹à¤‚à¤Ÿà¥‡à¤¸à¥‡à¤°à¤¾à¤Ÿ"
"national_team_name_194","8k/Strings/Ingame/International Cup",,"NORTHERN IRELAND","Irlanda del Norte","NORDIRLAND","ë¶ì•„ì¼ëžœë“œ",,"Irlanda do Norte","Báº¯c Ireland","à¹„à¸­à¸£à¹Œà¹à¸¥à¸™à¸”à¹Œà¹€à¸«à¸™à¸·à¸­","åŒ—æ„›çˆ¾è˜­","SevernÃ­ Irsko","Irlanda del Nord","×¦×¤×•×Ÿ ××™×¨×œ× ×“","Ø£ÙŠØ±Ù„Ù†Ø¯Ø§ Ø§Ù„Ø´Ù…Ø§Ù„ÙŠØ©","Irlande du Nord","Noord-Ierland","Severna Irska","Nord-Irland","Nordirland","Î’ÏŒÏÎµÎ¹Î¿Ï‚ Î™ÏÎ»Î±Î½Î´Î¯Î±","Nordirland","Irlandia PÃ³Å‚nocna","Irlandia Utara","Pohjois-Irlanti","Irlanda del Norte","Irlanda de Nord","åŒ—çˆ±å°”å…°","Kuzey Ä°rlanda","åŒ—ã‚¢ã‚¤ãƒ«ãƒ©ãƒ³ãƒ‰","Northern Ireland","à¤‰à¤¤à¥à¤¤à¤°à¥€ à¤†à¤¯à¤°à¤²à¥ˆà¤‚à¤¡"
"national_team_name_195","8k/Strings/Ingame/International Cup",,"NICARAGUA","Nicaragua","NICARAGUA","ë‹ˆì¹´ë¼ê³¼",,"NicarÃ¡gua","Nicaragua","à¸™à¸´à¸à¸²à¸£à¸²à¸à¸±à¸§","å°¼åŠ æ‹‰ç“œ","Nikaragua","Nicaragua","× ×™×§×¨×’×•××”","Ù†ÙŠÙƒØ§Ø±Ø§ØºÙˆØ§","Nicaragua","Nicaragua","Nikaragva","Nicaragua","Nicaragua","ÎÎ¹ÎºÎ±ÏÎ¬Î³Î¿Ï…Î±","Nicaragua","Nikaragua","Nikaragua","Nicaragua","Nicaragua","Nicaragua","å°¼åŠ æ‹‰ç“œ","Nikaragua","ãƒ‹ã‚«ãƒ©ã‚°ã‚¢","Nicaragua","à¤¨à¤¿à¤•à¤¾à¤°à¤¾à¤—à¥à¤†"
"national_team_name_196","8k/Strings/Ingame/International Cup",,"NIGER","NÃ­ger","NIGER","ë‹ˆì œë¥´",,"NÃ­ger","Niger","à¹„à¸™à¹€à¸ˆà¸­à¸£à¹Œ","å°¼æ—¥çˆ¾","Niger","Niger","× ×™×–'×¨","Ø§Ù„Ù†ÙŠØ¬Ø±","Niger","Niger","Niger","Niger","Niger","ÎÎ¯Î³Î·ÏÎ±Ï‚","Niger","Niger","Niger","Niger","NÃ­ger","Niger","å°¼æ—¥å°”","Nijer","ãƒ‹ã‚¸ã‚§ãƒ¼ãƒ«","Niger","à¤¨à¤¾à¤‡à¤œà¤°"
"national_team_name_197","8k/Strings/Ingame/International Cup",,"NORTH KOREA","Corea del Norte","NORTH KOREA","ë¶í•œ",,"Coreia do Norte","Triá»u TiÃªn","à¹€à¸à¸²à¸«à¸¥à¸µà¹€à¸«à¸™à¸·à¸­","åŒ—éŸ“","SevernÃ­ Korea","Corea del Nord","×§×•×¨×™××” ×”×¦×¤×•× ×™×ª","ÙƒÙˆØ±ÙŠØ§ Ø§Ù„Ø´Ù…Ø§Ù„ÙŠØ©","CorÃ©e du Nord","Noord-Korea","Severna Koreja","Nord-Korea","Nordkorea","Î’ÏŒÏÎµÎ¹Î± ÎšÎ¿ÏÎ­Î±","Nordkorea","Korea PÃ³Å‚nocna","Korea Utara","Pohjois-Korea","Corea del Norte","Coreea de Nord","æœé²œ","Kuzey Kore","åŒ—æœé®®","Korea Utara","à¤‰à¤¤à¥à¤¤à¤°à¥€ à¤•à¥‹à¤°à¤¿à¤¯à¤¾"
"national_team_name_198","8k/Strings/Ingame/International Cup",,"OMAN","OmÃ¡n","OMAN","ì˜¤ë§Œ",,"OmÃ£","Oman","à¹‚à¸­à¸¡à¸²à¸™","é˜¿æ›¼","OmÃ¡n","Oman","×¢×•×ž××Ÿ","Ø¹Ù…Ø§Ù†","Oman","Oman","Oman","Oman","Oman","ÎŸÎ¼Î¬Î½","Oman","Oman","Oman","Oman","OmÃ¡n","Oman","é˜¿æ›¼","Umman","ã‚ªãƒžãƒ¼ãƒ³","Oman","à¤“à¤®à¤¾à¤¨"
"national_team_name_199","8k/Strings/Ingame/International Cup",,"PAPUA NEW GUINEA","PapÃºa Nueva Guinea","PAPUA NEW GUINEA","íŒŒí‘¸ì•„ë‰´ê¸°ë‹ˆ",,"Papua Nova GuinÃ©","Papua New Guinea","à¸›à¸²à¸›à¸±à¸§à¸™à¸´à¸§à¸à¸´à¸™à¸µ","å·´å¸ƒäºžæ–°ç•¿å…§äºž","Papua NovÃ¡ Guinea","Papua Nuova Guinea","×¤×¤×•××” ×’×™× ××” ×”×—×“×©×”","ØºÙŠÙ†ÙŠØ§ Ø§Ù„Ø¬Ø¯ÙŠØ¯Ø© Ø¨Ø§Ø¨Ø§Ùˆ","Papouasie-Nouvelle-GuinÃ©e","Papoea-Nieuw-Guinea","Papua Nova Gvineja","Papua Ny-Guinea","Papua Neu-Guinea","Î Î±Ï€Î¿ÏÎ± ÎÎ­Î± Î“Î¿Ï…Î¹Î½Î­Î±","Papua Nya Guinea","Papua-Nowa Gwinea","Papua Nugini","Papua-Uusi-Guinea","PapÃºa Nueva Guinea","Papua Noua Guinee","å·´å¸ƒäºšæ–°å‡ å†…äºš","Papua Yeni Gine","ãƒ‘ãƒ—ã‚¢ãƒ‹ãƒ¥ãƒ¼ã‚®ãƒ‹ã‚¢","Papua New Guinea","à¤ªà¤¾à¤ªà¥à¤† à¤¨à¥à¤¯à¥‚ à¤—à¤¿à¤¨à¥€"
"national_team_name_2","8k/Strings/Ingame/International Cup",,"GERMANY","Alemania","TYSKLAND","ë…ì¼",,"Alemanha","Äá»©c","à¹€à¸¢à¸­à¸£à¸¡à¸™à¸µ","å¾·åœ‹","NÄ›mecko","Germania","×’×¨×ž× ×™×”","Ø£Ù„Ù…Ø§Ù†ÙŠØ§","Allemagne","Duitsland","NemaÄka","Tyskland","Deutschland","Î“ÎµÏÎ¼Î±Î½Î¯Î±","Tyskland","Niemcy","Jerman","Saksa","Alemania","Germania","å¾·å›½","Almanya","ãƒ‰ã‚¤ãƒ„","Jerman","à¤œà¤°à¥à¤®à¤¨à¥€"
"national_team_name_20","8k/Strings/Ingame/International Cup",,"BELARUS","Bielorrusia","BELARUS","ë²¨ë¼ë£¨ìŠ¤",,"BielorrÃºssia","Belarus","à¹€à¸šà¸¥à¸²à¸£à¸¸à¸ª","ç™½ä¿„ç¾…æ–¯","BÄ›lorusko","Bielorussia","×‘×œ×¨×•×¡","Ø¨ÙŠÙ„Ø§Ø±ÙˆØ³ÙŠØ§","BiÃ©lorussie","Wit-Rusland","Belorusija","Hviterussland","WeiÃŸrussland","Î›ÎµÏ…ÎºÎ¿ÏÏ‰ÏƒÎ¯Î±","Vitryssland","BiaÅ‚oruÅ›","Belarus","Valko-VenÃ¤jÃ¤","Bielorrusia","Belarus","ç™½ä¿„ç½—æ–¯","Belarus","ãƒ™ãƒ©ãƒ«ãƒ¼ã‚·","Belarus","à¤¬à¥‡à¤²à¤¾à¤°à¥‚à¤¸"
"national_team_name_200","8k/Strings/Ingame/International Cup",,"SAMOA","Samoa","SAMOA","ì‚¬ëª¨ì•„",,"Samoa","Samoa","à¸‹à¸²à¸¡à¸±à¸§","è–©æ‘©äºž","Samoa","Samoa","×¡×ž×•××”","Ø³Ø§Ù…ÙˆØ§","Samoa","Samoa","Samoa","Samoa","Samoa","Î£Î±Î¼ÏŒÎ±","Samoa","Samoa","Samoa","Samoa","Samoa","Samoa","è¨æ‘©äºš","Samoa","ã‚µãƒ¢ã‚¢","Samoa","à¤¸à¤®à¥‹à¤†"
"national_team_name_201","8k/Strings/Ingame/International Cup",,"SAN MARINO","San Marino","SAN MARINO","ì‚°ë§ˆë¦¬ë…¸",,"San Marino","San Marino","à¸‹à¸²à¸™à¸¡à¸²à¸£à¸µà¹‚à¸™","è–é¦¬åŠ›è«¾","San Marino","San Marino","×¡×Ÿ ×ž×¨×™× ×•","Ø³Ø§Ù† Ù…Ø§Ø±ÙŠÙ†Ùˆ","Saint-Marin","San Marino","San Marino","San Marino","San Marino","Î£Î±Î½ ÎœÎ±ÏÎ¯Î½Î¿","San Marino","San Marino","San Marino","San Marino","San Marino","San Marino","åœ£é©¬åŠ›è¯º","San Marino","ã‚µãƒ³ãƒžãƒªãƒŽ","San Marino","à¤¸à¥ˆà¤¨ à¤®à¥ˆà¤°à¤¿à¤¨à¥‹"
"national_team_name_202","8k/Strings/Ingame/International Cup",,"SAO TOME AND PRINCIPE","Santo TomÃ© y PrÃ­ncipe","SAO TOME OG PRINCIP","ìƒíˆ¬ë©” í”„ë¦°ì‹œíŽ˜",,"SÃ£o TomÃ© e PrÃ­ncipe","Sao Tome & Principe","à¹€à¸‹à¸²à¸•à¸¹à¹€à¸¡à¹à¸¥à¸°à¸›à¸£à¸´à¸™à¸‹à¸´à¸›à¸µ","è–å¤šç¾Žå’Œæ™®æž—è¥¿æ¯”","SvatÃ½ TomÃ¡Å¡ a PrincÅ¯v ostrov","SÃ£o TomÃ© e PrÃ­ncipe","×¡××• ×˜×•×ž×” ×•×¤×¨×™× ×¡×™×¤×”","Ø³Ø§Ùˆ ØªÙˆÙ…ÙŠ ÙˆØ¨Ø±Ù†Ø³ÙŠØ¨ÙŠ","Sao TomÃ©-et-Principe","Sao TomÃ© en Principe","Sao Tome i Principe","SÃ£o TomÃ© og Principe","SÃ£o TomÃ© und PrÃ­ncipe","Î£Î¬Î¿ Î¤Î¿Î¼Î­ ÎºÎ±Î¹ Î ÏÎ¹Î½ÏƒÎ¯Ï€Îµ","Sao TomÃ© och PrÃ­ncipe","Wyspy Åšw. Tom. i KsiÄ…Å¼Ä™ca","Sao Tome dan Principe","SÃ£o TomÃ© ja PrÃ­ncipe","Santo TomÃ© y PrÃ­ncipe","Sao Tome È™i Principe","åœ£å¤šç¾ŽåŠæ™®æž—è¥¿æ¯”","Sao Tome ve Principe","ã‚µãƒ³ãƒˆãƒ¡ ãƒ—ãƒªãƒ³ã‚·ãƒš","Sao Tome dan Principe","à¤¸à¤¾à¤“ à¤¤à¥‹à¤®à¥‡ à¤”à¤° à¤ªà¥à¤°à¤¿à¤¨à¥à¤¸à¤¿à¤ªà¥€"
"national_team_name_203","8k/Strings/Ingame/International Cup",,"SEYCHELLES","Seychelles","SEYCHELLES","ì„¸ì´ì…¸",,"Seicheles","Seychelles","à¹€à¸‹à¹€à¸Šà¸¥à¸ªà¹Œ","å¡žèˆŒçˆ¾","Seychely","Seychelles","××™×™ ×¡×™×™×©×œ","Ø³ÙŠØ´ÙŠÙ„","Seychelles","Seychellen","SejÅ¡eli","Seychellene","Seychellen","Î£ÎµÏ‹Ï‡Î­Î»Î»ÎµÏ‚","Seychellerna","Seszele","Seychelles","Seychellit","Seychelles","Seychelles","å¡žèˆŒå°”","SeyÅŸeller","ã‚»ãƒ¼ã‚·ã‚§ãƒ«","Seychelles","à¤¸à¥‡à¤¶à¥‡à¤²à¥à¤¸"
"national_team_name_204","8k/Strings/Ingame/International Cup",,"SOLOMON ISLANDS","Islas SalomÃ³n","SALOMONØERNE","ì†”ë¡œëª¬ ì œë„",,"Ilhas SalomÃ£o","Quáº§n Ä‘áº£o Solomon","à¸«à¸¡à¸¹à¹ˆà¹€à¸à¸²à¸°à¹‚à¸‹à¹‚à¸¥à¸¡à¸­à¸™","æ‰€ç¾…é–€ç¾¤å³¶","Å alamounovy ostrovy","Isole Salomone","××™×™ ×©×œ×ž×”","Ø¬Ø²Ø± Ø³Ù„ÙŠÙ…Ø§Ù†","ÃŽles Salomon","Salomonseilanden","Solomonska Ostrva","SalomonÃ¸yene","Salomon-Inseln","ÎÎ®ÏƒÎ¿Î¹ Ï„Î¿Ï… Î£Î¿Î»Î¿Î¼ÏŽÎ½Ï„Î±","SalomonÃ¶arna","Wyspy Salomona","Kep. Solomon","Salomonsaaret","Islas SalomÃ³n","Insulele Solomon","æ‰€ç½—é—¨ç¾¤å²›","Solomon AdalarÄ±","ã‚½ãƒ­ãƒ¢ãƒ³è«¸å³¶","Kepulauan Solomon","à¤¸à¥‹à¤²à¥‹à¤®à¤¨ à¤†à¤‡à¤²à¥ˆà¤‚à¤¡à¥à¤¸"
"national_team_name_205","8k/Strings/Ingame/International Cup",,"SOUTH SUDAN","SudÃ¡n del Sur","SOUTH SUDAN","ë‚¨ìˆ˜ë‹¨",,"SudÃ£o do Sul","Nam Sudan","à¸‹à¸¹à¸”à¸²à¸™à¹ƒà¸•à¹‰","å—è˜‡ä¸¹","JiÅ¾nÃ­ SÃºdÃ¡n","Sudan del Sud","×“×¨×•× ×¡×•×“×Ÿ","Ø¬Ù†ÙˆØ¨ Ø§Ù„Ø³ÙˆØ¯Ø§Ù†","Soudan du Sud","Zuid-Soedan","JuÅ¾ni Sudan","SÃ¸r-Sudan","SÃ¼dsudan","ÎÏŒÏ„Î¹Î¿ Î£Î¿Ï…Î´Î¬Î½","Sydsudan","Sudan PoÅ‚udniowy","Sudan Selatan","EtelÃ¤-Sudan","SudÃ¡n del Sur","Sudanul de Sud","å—è‹ä¸¹","GÃ¼ney Sudan","å—ã‚¹ãƒ¼ãƒ€ãƒ³","Sudan Selatan","à¤¦à¤•à¥à¤·à¤¿à¤£ à¤¸à¥‚à¤¡à¤¾à¤¨"
"national_team_name_206","8k/Strings/Ingame/International Cup",,"SAINT KITTS AND NEVIS","San CristÃ³bal y Nieves","SAINT KITTS OG NEVIS","ì„¸ì¸íŠ¸í‚¤ì¸  ë„¤ë¹„ìŠ¤",,"SÃ£o CristÃ³vÃ£o e Nevis","Saint Kitts & Nevis","à¹€à¸‹à¸™à¸•à¹Œà¸„à¸´à¸•à¸ªà¹Œà¹à¸¥à¸°à¹€à¸™à¸§à¸´à¸ª","è–åŸºèŒ¨èˆ‡å°¼ç¶­æ–¯","SvatÃ½ KryÅ¡tof a Nevis","St. Kitts e Nevis","×¡× ×˜ ×§×™×˜×¡ ×•× ×•×•×™×¡","Ø³Ø§Ù†Øª ÙƒÙŠØªØ³ ÙˆÙ†ÙŠÙÙŠØ³","Saint-Christophe-et-NiÃ©vÃ¨s","Saint Kitts en Nevis","Sveti Kits i Nevis","St. Kitts og Nevis","St. Kitts und Nevis","Î£Î±Î¹Î½ ÎšÎ¹Ï„Ï‚ ÎºÎ±Î¹ ÎÎ­Î²Î¹Ï‚","Saint Kitts och Nevis","Saint Kitts i Nevis","St. Kitts & Nevis","Saint Kitts ja Nevis","San CristÃ³bal y Nieves","Sf. Cristofor È™i Nevis","åœ£åŸºèŒ¨å’Œå°¼ç»´æ–¯","Saint Kitts ve Nevis","ã‚»ãƒ³ãƒˆã‚¯ãƒªã‚¹ãƒˆãƒ•ã‚¡ãƒ¼ãƒã‚¤ãƒ“ã‚¹","Saint Kitts dan Nevis","à¤¸à¥‡à¤‚à¤Ÿ à¤•à¤¿à¤Ÿà¥à¤¸ à¤”à¤° à¤¨à¥‡à¤µà¤¿à¤¸"
"national_team_name_207","8k/Strings/Ingame/International Cup",,"SAINT LUCIA","Santa LucÃ­a","SAINT LUCIA","ì„¸ì¸íŠ¸ ë£¨ì‹œì•„",,"Santa LÃºcia","Saint Lucia","à¹€à¸‹à¸™à¸•à¹Œà¸¥à¸¹à¹€à¸‹à¸µà¸¢","è–ç›§è¥¿äºž","SvatÃ¡ Lucie","St. Lucia","×¡× ×˜ ×œ×•×¡×™×”","Ø³Ø§Ù†Øª Ù„ÙˆØ³ÙŠØ§","Sainte-Lucie","Saint Lucia","Sveta Lucija","St. Lucia","St. Lucia","Î‘Î³Î¯Î± Î›Î¿Ï…ÎºÎ¯Î±","Saint Lucia","Saint Lucia","St. Lucia","Saint Lucia","Santa LucÃ­a","SfÃ¢nta Lucia","åœ£å¢è¥¿äºš","Saint Lucia","ã‚»ãƒ³ãƒˆãƒ«ã‚·ã‚¢","Saint Lucia","à¤¸à¥‡à¤‚à¤Ÿ à¤²à¥‚à¤¸à¤¿à¤¯à¤¾"
"national_team_name_208","8k/Strings/Ingame/International Cup",,"SURINAME","Surinam","SURINAME","ìˆ˜ë¦¬ë‚¨",,"Suriname","Suriname","à¸‹à¸¹à¸£à¸´à¸™à¸²à¹€à¸¡","è˜‡åˆ©å—","Surinam","Suriname","×¡×•×¨×™× ××","Ø³ÙˆØ±ÙŠÙ†Ø§Ù…","Suriname","Suriname","Surinam","Surinam","Surinam","Î£Î¿Ï…ÏÎ¹Î½Î¬Î¼","Surinam","Surinam","Suriname","Suriname","Surinam","Surinam","è‹é‡Œå—","Surinam","ã‚¹ãƒªãƒŠãƒ ","Surinam","à¤¸à¥‚à¤°à¥€à¤¨à¤¾à¤®"
"national_team_name_209","8k/Strings/Ingame/International Cup",,"SYRIAN ARAB REPUBLIC","RepÃºblica Ãrabe Siria","DEN SYRISKE ARABISKE REPUBLIK","ì‹œë¦¬ì•„",,"SÃ­ria","Syria","à¸‹à¸µà¹€à¸£à¸µà¸¢","æ•˜åˆ©äºžé˜¿æ‹‰ä¼¯å…±å’Œåœ‹","SÃ½rie","Repubblica Araba di Siria","×¡×•×¨×™×”","Ø§Ù„Ø¬Ù…Ù‡ÙˆØ±ÙŠØ© Ø§Ù„Ø¹Ø±Ø¨ÙŠØ© Ø§Ù„Ø³ÙˆØ±ÙŠØ©","RÃ©publique arabe syrienne","SyriÃ«","Sirijska Arap. Republika","Syria","Syrien","Î‘ÏÎ±Î²Î¹ÎºÎ® Î”Î·Î¼Î¿ÎºÏÎ±Ï„Î¯Î± Ï„Î·Ï‚ Î£Ï…ÏÎ¯Î±Ï‚","Syrien","Syria","Suriah, Republik Arab","Syyrian arabitasavalta","RepÃºblica Ãrabe Siria","Republica ArabÄƒ SirianÄƒ","é˜¿æ‹‰ä¼¯å™åˆ©äºšå…±å’Œå›½","Suriye Arap Cumhuriyeti","ã‚·ãƒªã‚¢ ã‚¢ãƒ©ãƒ–å…±å’Œå›½","Republik Arab Syria","à¤¸à¥€à¤°à¤¿à¤¯à¤¾à¤ˆ à¤…à¤°à¤¬ à¤—à¤£à¤°à¤¾à¤œà¥à¤¯"
"national_team_name_21","8k/Strings/Ingame/International Cup",,"BELGIUM","BÃ©lgica","BELGIEN","ë²¨ê¸°ì—",,"BÃ©lgica","Bá»‰","à¹€à¸šà¸¥à¹€à¸¢à¸µà¸¢à¸¡","æ¯”åˆ©æ™‚","Belgie","Belgio","×‘×œ×’×™×”","Ø¨Ù„Ø¬ÙŠÙƒØ§","Belgique","BelgiÃ«","Belgija","Belgia","Belgien","Î’Î­Î»Î³Î¹Î¿","Belgien","Belgia","Belgia","Belgia","BÃ©lgica","Belgia","æ¯”åˆ©æ—¶","BelÃ§ika","ãƒ™ãƒ«ã‚®ãƒ¼","Belgium","à¤¬à¥‡à¤²à¥à¤œà¤¿à¤¯à¤®"
"national_team_name_210","8k/Strings/Ingame/International Cup",,"TONGA","Tonga","TONGA","í†µê°€",,"Tonga","Tonga","à¸•à¸­à¸‡à¸à¸²","æ¹¯åŠ ","Tonga","Tonga","×˜×•× ×’×”","ØªÙˆÙ†Ø¬Ø§","Tonga","Tonga","Kraljevina Tonga","Tonga","Tonga","Î¤ÏŒÎ½Î³ÎºÎ±","Tonga","Tonga","Tonga","Tonga","Tonga","Tonga","æ±¤åŠ ","Tonga","ãƒˆãƒ³ã‚¬","Tonga","à¤Ÿà¥‹à¤‚à¤—à¤¾"
"national_team_name_211","8k/Strings/Ingame/International Cup",,"VANUATU","Vanuatu","VANUATU","ë°”ëˆ„ì•„íˆ¬",,"Vanuatu","Vanuatu","à¸§à¸²à¸™à¸¹à¸­à¸²à¸•à¸¹","ç“¦åŠªé˜¿åœ–","Vanuatu","Vanuatu","×•× ×•××˜×•","ÙØ§Ù†ÙˆØ§ØªÙˆ","Vanuatu","Vanuatu","Republika Vanuatu","Vanuatu","Vanuatu","Î’Î±Î½Î¿Ï…Î¬Ï„Î¿Ï…","Vanuatu","Vanuatu","Vanuatu","Vanuatu","Vanuatu","Vanuatu","ç“¦åŠªé˜¿å›¾","Vanuatu","ãƒãƒŒã‚¢ãƒ„","Vanuatu","à¤µà¤¨à¥à¤†à¤Ÿà¥‚"
"national_team_name_212","8k/Strings/Ingame/International Cup",,"YEMEN","Yemen","YEMEN","ì˜ˆë©˜",,"IÃ©men","Yemen","à¹€à¸¢à¹€à¸¡à¸™","ä¹Ÿé–€","Jemen","Yemen","×ª×™×ž×Ÿ","Ø§Ù„ÙŠÙ…Ù†","YÃ©men","Jemen","Jemen","Jemen","Jemen","Î¥ÎµÎ¼Î­Î½Î·","Yemen","Jemen","Yaman","Jemen","Yemen","Yemen","ä¹Ÿé—¨","Yemen","ã‚¤ã‚¨ãƒ¡ãƒ³","Yaman","à¤¯à¤®à¤¨"
"national_team_name_214","8k/Strings/Ingame/International Cup",,"TAHITI","TahitÃ­","TAHITI","íƒ€ížˆí‹°",,"Taiti","Tahiti","à¸•à¸²à¸®à¸´à¸•à¸´","å¤§æºªåœ°","Tahiti","Tahiti","×˜×”×™×˜×™","ØªØ§Ù‡ÙŠØªÙŠ","Tahiti","Tahiti","Tahiti","Tahiti","Tahiti","Î¤Î±ÏŠÏ„Î®","Tahiti","Tahiti","Tahiti","Tahiti","TahitÃ­","Tahiti","å¡”å¸Œæ","Tahiti","ã‚¿ãƒ’ãƒ","Tahiti","à¤¤à¤¾à¤¹à¤¿à¤¤à¥€"
"national_team_name_215","8k/Strings/Ingame/International Cup",,"NEW CALEDONIA","Nueva Caledonia","NEW CALEDONIA","ë‰´ì¹¼ë ˆë„ë‹ˆì•„",,"Nova CaledÃ³nia","New Caledonia","à¸™à¸´à¸§à¹à¸„à¸¥à¸´à¹‚à¸”à¹€à¸™à¸µà¸¢","æ–°å–€é‡Œå¤šå°¼äºž","NovÃ¡ Kaledonie","Nuova Caledonia","×§×œ×“×•× ×™×” ×”×—×“×©×”","ÙƒØ§Ù„ÙŠØ¯ÙˆÙ†ÙŠØ§ Ø§Ù„Ø¬Ø¯ÙŠØ¯Ø©","Nouvelle-CalÃ©donie","Nieuw-CaledoniÃ«","Nova Kaledonija","Ny-Caledonia","Neukaledonien","ÎÎ­Î± ÎšÎ±Î»Î·Î´Î¿Î½Î¯Î±","Nya Kaledonien","Nowa Kaledonia","Kaledonia Baru","Uusi-Kaledonia","Nueva Caledonia","Noua Caledonie","æ–°å–€é‡Œå¤šå°¼äºš","Yeni Kaledonya","ãƒ‹ãƒ¥ãƒ¼ã‚«ãƒ¬ãƒ‰ãƒ‹ã‚¢","New Caledonia","à¤¨à¥à¤¯à¥‚ à¤•à¥ˆà¤²à¥‡à¤¡à¥‹à¤¨à¤¿à¤¯à¤¾"
"national_team_name_216","8k/Strings/Ingame/International Cup",,"MYANMAR","Birmania","MYANMAR","ë¯¸ì–€ë§ˆ",,"Myanmar","Myanmar","à¸žà¸¡à¹ˆà¸²","ç·¬ç”¸","Myanmar","Myanmar","×ž×™×× ×ž×¨","Ù…ÙŠØ§Ù†Ù…Ø§Ø±","Myanmar","Myanmar","Mjanmar","Myanmar","Myanmar","ÎœÎ¹Î±Î½Î¼Î¬Ï","Myanmar","Birma","Myanmar","Myanmar","Myanmar","Myanmar","ç¼…ç”¸","Myanmar","ãƒŸãƒ£ãƒ³ãƒžãƒ¼","Myanmar","à¤®à¥à¤¯à¤¾à¤‚à¤®à¤¾à¤°"
"national_team_name_217","8k/Strings/Ingame/International Cup",,"SAINT VINCENT AND THE GRENADINES","San Vicente y las Granadinas","SAINT VINCENT OG GRENADINERNE","ì„¸ì¸íŠ¸",,"SÃ£o Vicente e Granadinas","Saint Vincent vÃ  Grenadines","à¹€à¸‹à¸™à¸§à¸´à¸™à¹€à¸‹à¸™à¸•à¹Œà¹à¸¥à¸°à¹€à¸à¸£à¸™à¸²à¸”à¸µà¸™à¸ªà¹Œ","è–æ–‡æ£®ç‰¹å’Œæ ¼æž—ç´ä¸æ–¯","SvatÃ½ Vincenc a Grenadiny","St. Vincent e Grenadine","×¡× ×˜ ×•×™× ×¡× ×˜ ×•×”×’×¨× ×“×™× ×™×","Ø³Ø§Ù†Øª ÙÙ†Ø³Ù†Øª ÙˆØ¬Ø²Ø± Ø¬Ø±ÙŠÙ†Ø§Ø¯ÙŠÙ†","Saint-Vincent-et-les-Grenadines","Saint Vincent en de Grenadines","Sent Vinsent i Grenadini","Saint Vincent og Grenadinene","St. Vincent und die Grenadinen","Î†Î³Î¹Î¿Ï‚ Î’Î¹ÎºÎ­Î½Ï„Î¹Î¿Ï‚ ÎºÎ±Î¹ Î“ÏÎµÎ½Î±Î´Î¯Î½ÎµÏ‚","Saint Vincent och Grenadinerna","Saint Vincent i Grenadyny","St. Vincent & Grenadines","Saint Vincent ja Grenadiinit","San Vicente y las Granad.","Sf. VicenÈ›iu È™i Grenadine","åœ£æ–‡æ£®ç‰¹å’Œæ ¼æž—çº³ä¸æ–¯","St. Vincent ve Grenad.","ã‚»ãƒ³ãƒˆãƒ“ãƒ³ã‚»ãƒ³ãƒˆã‚°ãƒ¬ãƒŠãƒ‡ã‚£ãƒ¼ãƒ³","Saint Vincent dan Grenadines","à¤¸à¥‡à¤‚à¤Ÿ à¤µà¤¿à¤‚à¤¸à¥‡à¤‚à¤Ÿ à¤”à¤° à¤¦ à¤—à¥à¤°à¥‡à¤¨à¤¾à¤¡à¤¾à¤‡à¤‚à¤¸"
"national_team_name_218","8k/Strings/Ingame/International Cup",,"PALESTINE","Palestina","PALÆSTINA","íŒ”ë ˆìŠ¤íƒ€ì¸",,"Palestina","Palestine","à¸›à¸²à¹€à¸¥à¸ªà¹„à¸•à¸™à¹Œ","å·´å‹’æ–¯å¦","Palestina","Palestina","×¤×œ×¡×˜×™×Ÿ","ÙÙ„Ø³Ø·ÙŠÙ†","Palestine","Palestina","Palestina","Palestina","PalÃ¤stina","ÎšÏÎ¬Ï„Î¿Ï‚ Ï„Î·Ï‚ Î Î±Î»Î±Î¹ÏƒÏ„Î¯Î½Î·Ï‚","Palestina","Palestyna","Palestina","Palestiina","Palestina","Palestina","å·´å‹’æ–¯å¦","Filistin","ãƒ‘ãƒ¬ã‚¹ãƒãƒŠ","Palestin","à¤«à¤¼à¤¿à¤²à¤¿à¤¸à¥à¤¤à¥€à¤¨"
"national_team_name_22","8k/Strings/Ingame/International Cup",,"BENIN","BenÃ­n","BENIN","ë² ëƒ‰",,"Benim","Benin","à¹€à¸šà¸™à¸´à¸™","è²å¯§","Benin","Benin","×‘× ×™×Ÿ","Ø¨Ù†ÙŠÙ†","BÃ©nin","Benin","Benin","Benin","Benin","ÎœÏ€ÎµÎ½Î¯Î½","Benin","Benin","Benin","Benin","BenÃ­n","Benin","è´å®","Benin","ãƒ™ãƒŠãƒ³","Benin","à¤¬à¥‡à¤¨à¤¿à¤¨"
"national_team_name_23","8k/Strings/Ingame/International Cup",,"BOLIVIA","Bolivia","BOLIVIA","ë³¼ë¦¬ë¹„ì•„",,"BolÃ­via","Bolivia","à¹‚à¸šà¸¥à¸´à¹€à¸§à¸µà¸¢","çŽ»åˆ©ç¶­äºž","BolÃ­vie","Bolivia","×‘×•×œ×™×‘×™×”","Ø¨ÙˆÙ„ÙŠÙÙŠØ§","Bolivie","Bolivia","Bolivija","Bolivia","Bolivien","Î’Î¿Î»Î¹Î²Î¯Î±","Bolivia","Boliwia","Bolivia","Bolivia","Bolivia","Bolivia","çŽ»åˆ©ç»´äºš","Bolivya","ãƒœãƒªãƒ“ã‚¢","Bolivia","à¤¬à¥‹à¤²à¥€à¤µà¤¿à¤¯à¤¾"
"national_team_name_24","8k/Strings/Ingame/International Cup",,"BOSNIA AND HERZEGOVINA","Bosnia y Herzegovina","BOSNIEN OG HERZEGOVINA","ë³´ìŠ¤ë‹ˆì•„í—¤ë¥´ì²´ê³ ë¹„ë‚˜",,"BÃ³snia-Herzegovina","Bosnia & Herzegovina","à¸šà¸­à¸ªà¹€à¸™à¸µà¸¢à¹à¸¥à¸°à¹€à¸®à¸­à¸£à¹Œà¹€à¸‹à¹‚à¸à¸§à¸µà¸™à¸²","æ³¢æ–¯å°¼äºžå’Œé»‘å¡žå“¥ç¶­é‚£","Bosna a Hercegovina","Bosnia-Erzegovina","×‘×•×¡× ×™×” ×•×”×¨×¦×’×•×‘×™× ×”","Ø§Ù„Ø¨ÙˆØ³Ù†Ø© ÙˆØ§Ù„Ù‡Ø±Ø³Ùƒ","Bosnie-HerzÃ©govine","BosniÃ« en Herzegovina","Bosna i Hercegovina","Bosnia-Hercegovina","Bosnien-Herzegowina","Î’Î¿ÏƒÎ½Î¯Î± ÎºÎ±Î¹ Î•ÏÎ¶ÎµÎ³Î¿Î²Î¯Î½Î·","Bosnien och Hercegovina","BoÅ›nia i Hercegowina","Bosnia-Herzegovina","Bosnia ja Hertsegovina","Bosnia y Herzegovina","Bosnia È™i HerÈ›egovina","æ³¢æ–¯å°¼äºšå’Œé»‘å¡žå“¥ç»´é‚£","Bosna-Hersek","ãƒœã‚¹ãƒ‹ã‚¢ ãƒ˜ãƒ«ãƒ„ã‚§ã‚´ãƒ“ãƒŠ","Bosnia dan Herzegovina","à¤¬à¥‹à¤¸à¥à¤¨à¤¿à¤¯à¤¾ à¤à¤‚à¤¡ à¤¹à¤°à¥à¤œà¤¼à¤¿à¤—à¥‹à¤µà¤¿à¤¨à¤¾"
"national_team_name_24_alt","8k",,"B&H","Bosnia-Herzeg.","B&H","ë³´ìŠ¤ë‹ˆì•„",,"BÃ³snia-Herzeg.","Bosnia&Herzegov","à¸šà¸­à¸ªà¹€à¸™à¸µà¸¢à¹€à¸®à¸­à¸£à¹Œà¹€à¸‹à¸¯","æ³¢æ–¯å°¼äºžå’Œé»‘å±±","Bosna aÂ Herceg.","Bosnia-Erz.","×‘×•×¡× ×™×” ×•×”×¨×¦×’×•×‘×™× ×”","Ø§Ù„Ø¨ÙˆØ³Ù†Ø© ÙˆØ§Ù„Ù‡Ø±Ø³Ùƒ","Bosnie-HerzÃ©g.","Bosn. en Herz.","BiH","Bosnia og Herz.","Bosnien u. Hz.","Î’Î¿ÏƒÎ½Î¯Î± ÎºÎ±Î¹ Î•ÏÎ¶.","Bosnien & Herz.","BoÅ›nia i Herc.","B&H","Bosnia ja H.","ByH","Bosnia È™i HerÈ›.","æ³¢é»‘","Bahreyn","ãƒœã‚¹ãƒ‹ã‚¢","B&H","B&H"
"national_team_name_25","8k/Strings/Ingame/International Cup",,"BRAZIL","Brasil","BRAZIL","ë¸Œë¼ì§ˆ",,"Brasil","Brazil","à¸šà¸£à¸²à¸‹à¸´à¸¥","å·´è¥¿","BrazÃ­lie","Brasile","×‘×¨×–×™×œ","Ø§Ù„Ø¨Ø±Ø§Ø²ÙŠÙ„","BrÃ©sil","BraziliÃ«","Brazil","Brasil","Brasilien","Î’ÏÎ±Î¶Î¹Î»Î¯Î±","Brasilien","Brazylia","Brasil","Brasilia","Brasil","Brazilia","å·´è¥¿","Brezilya","ãƒ–ãƒ©ã‚¸ãƒ«","Brazil","à¤¬à¥à¤°à¤¾à¤œà¤¼à¥€à¤²"
"national_team_name_26","8k/Strings/Ingame/International Cup",,"BULGARIA","Bulgaria","BULGARIA","ë¶ˆê°€ë¦¬ì•„",,"BulgÃ¡ria","Bulgaria","à¸šà¸±à¸¥à¹à¸à¹€à¸£à¸µà¸¢","ä¿åŠ åˆ©äºž","Bulharsko","Bulgaria","×‘×•×œ×’×¨×™×”","Ø¨Ù„ØºØ§Ø±ÙŠØ§","Bulgarie","Bulgarije","Bugarska","Bulgaria","Bulgarien","Î’Î¿Ï…Î»Î³Î±ÏÎ¯Î±","Bulgarien","BuÅ‚garia","Bulgaria","Bulgaria","Bulgaria","Bulgaria","ä¿åŠ åˆ©äºš","Bulgaristan","ãƒ–ãƒ«ã‚¬ãƒªã‚¢","Bulgaria","à¤¬à¤²à¥à¤—à¤¾à¤°à¤¿à¤¯à¤¾"
"national_team_name_28","8k/Strings/Ingame/International Cup",,"BURUNDI","Burundi","BURUNDI","ë¶€ë£¬ë””",,"Burundi","Burundi","à¸šà¸¸à¸£à¸¸à¸™à¸”à¸µ","å¸ƒéš†è¿ª","Burundi","Burundi","×‘×•×¨×•× ×“×™","Ø¨ÙˆØ±ÙˆÙ†Ø¯ÙŠ","Burundi","Burundi","Burundi","Burundi","Burundi","ÎœÏ€Î¿Ï…ÏÎ¿ÏÎ½Ï„Î¹","Burundi","Burundi","Burundi","Burundi","Burundi","Burundi","å¸ƒéš†è¿ª","Burundi","ãƒ–ãƒ«ãƒ³ã‚¸","Burundi","à¤¬à¥à¤°à¥à¤‚à¤¡à¥€"
"national_team_name_29","8k/Strings/Ingame/International Cup",,"CAMEROON","CamerÃºn","CAMEROON","ì¹´ë©”ë£¬",,"CamarÃµes","Cameroon","à¹à¸„à¹€à¸¡à¸­à¸£à¸¹à¸™","å–€éº¥éš†","Kamerun","Camerun","×§×ž×¨×•×Ÿ","Ø§Ù„ÙƒØ§Ù…ÙŠØ±ÙˆÙ†","Cameroun","Kameroen","Kamerun","Kamerun","Kamerun","ÎšÎ±Î¼ÎµÏÎ¿ÏÎ½","Kamerun","Kamerun","Kamerun","Kamerun","CamerÃºn","Camerun","å–€éº¦éš†","Kamerun","ã‚«ãƒ¡ãƒ«ãƒ¼ãƒ³","Cameroon","à¤•à¥ˆà¤®à¤°à¥‚à¤¨"
"national_team_name_3","8k/Strings/Ingame/International Cup",,"ITALY","Italia","ITALIEN","ì´íƒˆë¦¬ì•„",,"ItÃ¡lia","Italy","à¸­à¸´à¸•à¸²à¸¥à¸µ","æ„å¤§åˆ©","ItÃ¡lie","Italia","××™×˜×œ×™×”","Ø¥ÙŠØ·Ø§Ù„ÙŠØ§","Italie","ItaliÃ«","Italija","Italia","Italien","Î™Ï„Î±Î»Î¯Î±","Italien","WÅ‚ochy","Italia","Italia","Italia","Italia","æ„å¤§åˆ©","Ä°talya","ã‚¤ã‚¿ãƒªã‚¢","Itali","à¤‡à¤Ÿà¤²à¥€"
"national_team_name_30","8k/Strings/Ingame/International Cup",,"CANADA","CanadÃ¡","CANADA","ìºë‚˜ë‹¤",,"CanadÃ¡","Canada","à¹à¸„à¸™à¸²à¸”à¸²","åŠ æ‹¿å¤§","Kanada","Canada","×§× ×“×”","ÙƒÙ†Ø¯Ø§","Canada","Canada","Kanada","Canada","Kanada","ÎšÎ±Î½Î±Î´Î¬Ï‚","Kanada","Kanada","Kanada","Kanada","CanadÃ¡","Canada","åŠ æ‹¿å¤§","Kanada","ã‚«ãƒŠãƒ€","Canada","à¤•à¤¨à¤¾à¤¡à¤¾"
"national_team_name_300","8k/Strings/Ingame/Tournaments/Live Events/Live event 17 Running with Ghosts",,"YUGOSLAVIA","Yugoslavia","YUGOSLAVIA","ìœ ê³ ìŠ¬ë¼ë¹„ì•„",,"JugoslÃ¡via","Nam TÆ°","à¸¢à¸¹à¹‚à¸à¸ªà¸¥à¸²à¹€à¸§à¸µà¸¢","å—æ–¯æ‹‰å¤«","JugoslÃ¡vie","Jugoslavia","×™×•×’×•×¡×œ×‘×™×”","ÙŠÙˆØºÙˆØ³Ù„Ø§ÙÙŠØ§","Yougoslavie","JoegoslaviÃ«","Jugoslavija","Jugoslavia","Jugoslawien","Î“Î¹Î¿Ï…Î³ÎºÎ¿ÏƒÎ»Î±Î²Î¯Î±","Jugoslavien","JugosÅ‚awia","Yugoslavia","Jugoslavia","Yugoslavia","Iugoslavia","å—æ–¯æ‹‰å¤«","Yugoslavya","ãƒ¦ãƒ¼ã‚´ã‚¹ãƒ©ãƒ“ã‚¢","Yugoslavia",
"national_team_name_33","8k/Strings/Ingame/International Cup",,"CHAD","Chad","CHAD","ì°¨ë“œ",,"Chade","Chad","à¸Šà¸²à¸”","ä¹å¾—","ÄŒad","Ciad","×¦'××“","ØªØ´Ø§Ø¯","Tchad","Tsjaad","ÄŒad","Tsjad","Tschad","Î¤ÏƒÎ±Î½Ï„","Tchad","Czad","Cad","TÅ¡ad","Chad","Ciad","ä¹å¾—","Ã‡ad","ãƒãƒ£ãƒ‰","Chad","à¤šà¤¾à¤¡"
"national_team_name_34","8k/Strings/Ingame/International Cup",,"CHILE","Chile","CHILE","ì¹ ë ˆ",,"Chile","ChilÃª","à¸Šà¸´à¸¥à¸µ","æ™ºåˆ©","Chile","Cile","×¦'×™×œ×”","Ø´ÙŠÙ„Ù‰","Chili","Chili","ÄŒile","Chile","Chile","Î§Î¹Î»Î®","Chile","Chile","Cile","Chile","Chile","Chile","æ™ºåˆ©","Åžili","ãƒãƒª","Chile","à¤šà¤¿à¤²à¥€"
"national_team_name_35","8k/Strings/Ingame/International Cup",,"CHINA PR","China","CHINA PR","ì¤‘êµ­",,"China","Trung Quá»‘c","à¸ˆà¸µà¸™","ä¸­åœ‹","ÄŒÃ­nskÃ¡ lidovÃ¡ republika","Repubblica Popolare Cinese","×¡×™×Ÿ","Ø§Ù„ØµÙŠÙ† Ø§Ù„Ø´Ø¹Ø¨ÙŠØ©","RÃ©publique populaire de Chine","China","NR Kina","Folkerepublikken Kina","China","Î›Î±ÏŠÎºÎ® Î”Î·Î¼Î¿ÎºÏÎ±Ï„Î¯Î± Ï„Î·Ï‚ ÎšÎ¯Î½Î±Ï‚","Kina","Chiny","China, Republik Rakyat","Kiinan kansantasavalta","China","China","ä¸­åŽäººæ°‘å…±å’Œå›½","Ã‡in Halk Cumhuriyeti","ä¸­å›½","RR China","à¤ªà¥€à¤ªà¥à¤²à¥à¤¸ à¤°à¤¿à¤ªà¤¬à¥à¤²à¤¿à¤• à¤‘à¤« à¤šà¤¾à¤‡à¤¨à¤¾"
"national_team_name_36","8k/Strings/Ingame/International Cup",,"COLOMBIA","Colombia","COLOMBIA","ì½œë¡¬ë¹„ì•„",,"ColÃ´mbia","Colombia","à¹‚à¸„à¸¥à¸­à¸¡à¹€à¸šà¸µà¸¢","å“¥å€«æ¯”äºž","Kolumbie","Colombia","×§×•×œ×•×ž×‘×™×”","ÙƒÙˆÙ„Ù…Ø¨ÙŠØ§","Colombie","Colombia","Kolumbija","Colombia","Kolumbien","ÎšÎ¿Î»Î¿Î¼Î²Î¯Î±","Colombia","Kolumbia","Kolombia","Kolumbia","Colombia","Columbia","å“¥ä¼¦æ¯”äºš","Kolombiya","ã‚³ãƒ­ãƒ³ãƒ“ã‚¢","Colombia","à¤•à¥‹à¤²à¤‚à¤¬à¤¿à¤¯à¤¾"
"national_team_name_37","8k/Strings/Ingame/International Cup",,"COMOROS","Comoras","COMOROS","ì½”ëª¨ë¡œ",,"Comores","Comoros","à¸„à¸­à¹‚à¸¡à¹‚à¸£à¸ª","ç§‘æ‘©ç¾…","Komory","Comore","×§×•×ž×•×¨×•","Ø¬Ø²Ø± Ø§Ù„Ù‚Ù…Ø±","Comores","Comoren","Komori","Komorene","Komoren","ÎšÎ¿Î¼ÏŒÏÎµÏ‚","Komorerna","Komory","Kep. Komoro","Komorit","Comoras","Comore","ç§‘æ‘©ç½—","Komorolar","ã‚³ãƒ¢ãƒ­","Comoros","à¤•à¥‹à¤®à¥‹à¤°à¥‹à¤¸"
"national_team_name_38","8k/Strings/Ingame/International Cup",,"CONGO","Congo","CONGO","ì½©ê³ ",,"Congo","CÃ´ng gÃ´","à¸„à¸­à¸‡à¹‚à¸","å‰›æžœ","Kongo","Congo","×”×¨×¤×•×‘×œ×™×§×” ×©×œ ×§×•× ×’×•","Ø§Ù„ÙƒÙˆÙ†ØºÙˆ","Congo","Congo","Kongo","Kongo","Kongo","ÎšÎ¿Î½Î³ÎºÏŒ","Kongo","Kongo","Kongo, Republik","Kongo","Congo","Congo","åˆšæžœ","Kongo","ã‚³ãƒ³ã‚´å…±å’Œå›½","Congo","à¤•à¤¾à¤‚à¤—à¥‹"
"national_team_name_39","8k/Strings/Ingame/International Cup",,"COSTA RICA","Costa Rica","COSTA RICA","ì½”ìŠ¤íƒ€ë¦¬ì¹´",,"Costa Rica","Costa Rica","à¸„à¸­à¸ªà¸•à¸²à¸£à¸´à¸à¸²","å“¥æ–¯é”é»ŽåŠ ","Kostarika","Costa Rica","×§×•×¡×˜×” ×¨×™×§×”","ÙƒÙˆØ³ØªØ§Ø±ÙŠÙƒØ§","Costa Rica","Costa Rica","Kostarika","Costa Rica","Costa Rica","ÎšÏŒÏƒÏ„Î± Î¡Î¯ÎºÎ±","Costa Rica","Kostaryka","Kosta Rika","Costa Rica","Costa Rica","Costa Rica","å“¥æ–¯è¾¾é»ŽåŠ ","Kosta Rika","ã‚³ã‚¹ã‚¿ãƒªã‚«","Costa Rica","à¤•à¥‹à¤¸à¥à¤Ÿà¤¾ à¤°à¤¿à¤•à¤¾"
"national_team_name_4","8k/Strings/Ingame/International Cup",,"SPAIN","EspaÃ±a","SPANIEN","ìŠ¤íŽ˜ì¸",,"Espanha","TÃ¢y Ban Nha","à¸ªà¹€à¸›à¸™","è¥¿ç­ç‰™","Å panÄ›lsko","Spagna","×¡×¤×¨×“","Ø¥Ø³Ø¨Ø§Ù†ÙŠØ§","Espagne","Spanje","Å panija","Spania","Spanien","Î™ÏƒÏ€Î±Î½Î¯Î±","Spanien","Hiszpania","Spanyol","Espanja","EspaÃ±a","Spania","è¥¿ç­ç‰™","Ä°spanya","ã‚¹ãƒšã‚¤ãƒ³","Sepanyol","à¤¸à¥à¤ªà¥‡à¤¨"
"national_team_name_40","8k/Strings/Ingame/International Cup",,"CROATIA","Croacia","KROATIEN","í¬ë¡œì•„í‹°ì•„",,"CroÃ¡cia","Croatia","à¹‚à¸„à¸£à¹€à¸­à¹€à¸Šà¸µà¸¢","å…‹ç¾…åœ°äºž","Chorvatsko","Croazia","×§×¨×•××˜×™×”","ÙƒØ±ÙˆØ§ØªÙŠØ§","Croatie","KroatiÃ«","Hrvatska","Kroatia","Kroatien","ÎšÏÎ¿Î±Ï„Î¯Î±","Kroatien","Chorwacja","Kroasia","Kroatia","Croacia","CroaÈ›ia","å…‹ç½—åœ°äºš","HÄ±rvatistan","ã‚¯ãƒ­ã‚¢ãƒã‚¢","Croatia","à¤•à¥à¤°à¥‹à¤à¤¶à¤¿à¤¯à¤¾"
"national_team_name_41","8k/Strings/Ingame/International Cup",,"CZECH REPUBLIC","RepÃºblica Checa","CZECH REPUBLIC","ì²´ì½”ê³µí™”êµ­",,"RepÃºblica Checa","Cá»™ng hÃ²a SÃ©c","à¸ªà¸²à¸˜à¸²à¸£à¸“à¸£à¸±à¸à¹€à¸Šà¹‡à¸","æ·å…‹å…±å’Œåœ‹","ÄŒeskÃ¡ republika","Repubblica Ceca","×¦'×›×™×”","Ø¬Ù…Ù‡ÙˆØ±ÙŠØ© Ø§Ù„ØªØ´ÙŠÙƒ","RÃ©publique tchÃ¨que","TsjechiÃ«","ÄŒeÅ¡ka","Tsjekkia","Tschechien","Î”Î·Î¼Î¿ÎºÏÎ±Ï„Î¯Î± Ï„Î·Ï‚ Î¤ÏƒÎµÏ‡Î¯Î±Ï‚","Tjeckien","Czechy","Cheska, Republik","TÅ¡ekki","RepÃºblica Checa","Republica CehÄƒ","æ·å…‹å…±å’Œå›½","Ã‡ek Cumhuriyeti","ãƒã‚§ã‚³","Republik Czech","à¤šà¥‡à¤• à¤—à¤£à¤°à¤¾à¤œà¥à¤¯"
"national_team_name_42","8k/Strings/Ingame/International Cup",,"DENMARK","Dinamarca","DANMARK","ë´ë§ˆí¬",,"Dinamarca","Äan Máº¡ch","à¹€à¸”à¸™à¸¡à¸²à¸£à¹Œà¸","ä¸¹éº¥","DÃ¡nsko","Danimarca","×“× ×ž×¨×§","Ø§Ù„Ø¯Ù†Ù…Ø§Ø±Ùƒ","Danemark","Denemarken","Danska","Danmark","DÃ¤nemark","Î”Î±Î½Î¯Î±","Danmark","Dania","Denmark","Tanska","Dinamarca","Danemarca","ä¸¹éº¦","Danimarka","ãƒ‡ãƒ³ãƒžãƒ¼ã‚¯","Denmark","à¤¡à¥‡à¤¨à¤®à¤¾à¤°à¥à¤•"
"nnn6zz9zbv63","Release",,"The moon",,,"The moon",,,,,,,,,,,,,,,,,,,,,,,,,,
"yll7vziun1u4","Release",,"Great job completing the task! 🎉","¡Gran trabajo completando la tarea! 👍",,"done",,,,,,,,,,,,,,,,,,,,,,,,,,
"vnnortv6zrq5","Release",,"Your total payment is 1,234.56 USD.","Su pago total es de 1,234,56 USD.",,"done",,,,,,,,,,,,,,,,,,,,,,,,,,
"8nntfqmft4oo","Release",,"The value of pi is approximately 3.14. {yeah}","El valor de pi es aproximadamente 3.14.",,"The value of pi is approximately 3.14. {yeah}",,,,,,,,,,,,,,,,,,,,,,,,,,
